{"calc13":494.9400878893093}
{"calc12":498.2119602854475}
{"calc15":507.0685532353154}
{"calc14":498.8890753358637}
{"calc29":497.978664808297}
{"calc8":493.63029837810603}
{"calc30":504.1348319222444}
{"calc11":496.6418559468222}
{"calc9":506.4492564206109}
{"calc10":490.97682906131206}
{"calc1":489.24222528889703}
{"calc2":507.99108634496315}
{"calc16":478.60208573564535}
{"calc17":507.7273018537048}
{"calc42":486.52495268427793}
{"calc31":496.3226245017538}
{"calc32":494.7889546167889}
{"calc3":494.8711738530663}
{"calc47":3272540636745884709}
{"calc4":506.2929507754418}
{"calc18":11071247200556224693}
{"calc7":493.79482175554824}
{"calc19":18127227382190976709}
{"calc20":12441198060980444878}
{"calc46":6656380304673328836}
{"calc28":501.7421276163248}
{"calc5":493.48295678391867}
{"calc25":492.47337265482776}
{"calc6":499.58922716067406}
{"calc18":498.0857181454382}
{"calc26":490.276486180808}
{"calc27":505.1120957968536}
{"calc44":487.77498447719563}
{"calc45":501.89229807082137}
{"calc46":508.969649128428}
{"calc47":507.5647073206627}
{"calc48":492.57816894319575}
{"calc35":514.2385954029215}
{"calc36":507.7075216761662}
{"calc43":503.3532840950921}
{"calc17":14124688480605830879}
{"calc1":7453273537545315104}
{"calc37":11510186682255445481}
{"calc30":581743305652795255}
{"calc29":11297606724648702639}
{"calc22":7074420676213125732}
{"calc21":490.70513650348323}
{"calc22":503.09519313311966}
{"calc20":512.5713343069631}
{"calc24":499.55583028959853}
{"calc32":7957717164604818375}
{"calc19":491.57893086038484}
{"calc23":479.90880098807435}
{"calc34":12662375045135722101}
{"calc33":496.85501239754797}
{"calc33":10240363714741162636}
{"calc34":500.118351252007}
{"calc31":6610352209534641348}
{"calc38":484.0094541505988}
{"calc35":5586020230713993156}
{"calc36":5630407659137163879}
{"calc39":515.1629088250755}
{"calc40":497.2697258701419}
{"calc2":450172519376950036}
{"calc3":8035494588345939919}
{"calc37":500.7301512201582}
{"calc41":15298494113642111835}
{"calc42":1376590681558877130}
{"calc39":8692372856977799160}
{"calc40":470768613422584612}
{"calc41":509.3676323355125}
{"calc24":18179508940990563916}
{"calc45":10546719423736473320}
{"calc25":4409519089836441882}
{"calc38":11409025491326886045}
{"calc43":2961361963411558560}
{"calc21":3111956142368240323}
{"calc44":14947840347133528512}
{"calc26":13106904229336700643}
{"calc10":15482426202236971078}
{"calc8":6475896491185534988}
{"calc16":2151645083041504547}
{"calc11":790826421077636143}
{"calc23":15558536291888324614}
{"calc9":16758003991240058749}
{"calc4":10506377174061911867}
{"calc7":9858274243869773561}
{"calc27":1590890371260904957}
{"calc5":5797088711382825299}
{"calc12":6200054252260614509}
{"calc28":4007044213395678420}
{"calc6":3687300697315545597}
{"calc15":1116653444412933327}
{"calc13":11080885687141062306}
{"calc14":1465104145672817416}
